<?xml version="1.0" encoding="UTF-8"?>
<beans xmlns="http://www.springframework.org/schema/beans" xmlns:xsi="http://www.w3.org/2001/XMLSchema-instance" xmlns:c="http://www.springframework.org/schema/c"
	xmlns:p="http://www.springframework.org/schema/p" xmlns:context="http://www.springframework.org/schema/context" xmlns:util="http://www.springframework.org/schema/util"
	xsi:schemaLocation="http://www.springframework.org/schema/beans http://www.springframework.org/schema/beans/spring-beans.xsd
		http://www.springframework.org/schema/util http://www.springframework.org/schema/util/spring-util-4.1.xsd
		http://www.springframework.org/schema/context http://www.springframework.org/schema/context/spring-context-4.1.xsd">

	<bean id="igniteConfiguration" class="org.apache.ignite.configuration.IgniteConfiguration">
		<property name="igniteInstanceName" value="imageSearchWeb"></property>
		<property name="metricsLogFrequency" value="0" />
		<property name="gridLogger">
			<bean class="org.apache.ignite.logger.slf4j.Slf4jLogger" />
		</property>
		<property name="cacheConfiguration">
			<bean class="org.apache.ignite.configuration.CacheConfiguration">
				<property name="name" value="imageSearchWeb" />
				<property name="cacheMode" value="PARTITIONED" />
				<property name="backups" value="1" />
			</bean>
		</property>
        <property name="discoverySpi">
            <bean class="org.apache.ignite.spi.discovery.tcp.TcpDiscoverySpi">
                <property name="ipFinder">
					<bean class="org.apache.ignite.spi.discovery.tcp.ipfinder.vm.TcpDiscoveryVmIpFinder">
						<property name="addresses" value="#{T(org.springframework.util.CollectionUtils).arrayToList('127.0.0.1'.split(','))}" />
					</bean>
                </property>
            </bean>
        </property>
	</bean>

</beans>
