<beans xmlns="http://www.springframework.org/schema/beans" xmlns:xsi="http://www.w3.org/2001/XMLSchema-instance" xmlns:context="http://www.springframework.org/schema/context" xmlns:util="http://www.springframework.org/schema/util" xmlns:mvc="http://www.springframework.org/schema/mvc"
	xsi:schemaLocation="
        http://www.springframework.org/schema/util
        http://www.springframework.org/schema/util/spring-util-4.1.xsd
        http://www.springframework.org/schema/beans 
        http://www.springframework.org/schema/beans/spring-beans-4.1.xsd
        http://www.springframework.org/schema/context 
        http://www.springframework.org/schema/context/spring-context-4.1.xsd
        http://www.springframework.org/schema/mvc
        http://www.springframework.org/schema/mvc/spring-mvc-4.1.xsd">

	<!-- freemarker视图解析器 -->
	<bean class="org.springframework.web.servlet.view.freemarker.FreeMarkerViewResolver">
		<property name="cache" value="true" />
		<property name="prefix" value="" />
		<property name="suffix" value=".ftl" />
		<property name="contentType" value="text/html;charset=UTF-8" />
		<property name="viewClass" value="org.springframework.web.servlet.view.freemarker.FreeMarkerView" />
		<property name="allowSessionOverride" value="true" />
		<property name="allowRequestOverride" value="true" />
		<property name="exposeSpringMacroHelpers" value="false" />
		<property name="exposeRequestAttributes" value="true" />
		<property name="exposeSessionAttributes" value="true" />
		<property name="requestContextAttribute" value="request" />
	</bean>
	
	<bean class="org.springframework.web.servlet.view.freemarker.FreeMarkerConfigurer">
		<property name="templateLoaderPath" value="/WEB-INF/ftl/" />
		<property name="defaultEncoding" value="utf-8" />
		<property name="freemarkerSettings">
			<props>
				<prop key="template_update_delay">10</prop>
				<prop key="locale">zh_CN</prop>
				<prop key="datetime_format">yyyy-MM-dd HH:mm:ss</prop><!-- 时间格式化 -->
				<prop key="date_format">yyyy-MM-dd</prop>
				<prop key="number_format">#.##</prop>
				<prop key="boolean_format">true,false</prop>
				<prop key="whitespace_stripping">true</prop>
				<prop key="url_escaping_charset">UTF-8</prop>
			</props>
		</property>
	</bean>

</beans>