<beans xmlns="http://www.springframework.org/schema/beans" xmlns:xsi="http://www.w3.org/2001/XMLSchema-instance" xmlns:context="http://www.springframework.org/schema/context" xmlns:util="http://www.springframework.org/schema/util" xmlns:mvc="http://www.springframework.org/schema/mvc"
	xsi:schemaLocation="
        http://www.springframework.org/schema/util
        http://www.springframework.org/schema/util/spring-util-4.1.xsd
        http://www.springframework.org/schema/beans 
        http://www.springframework.org/schema/beans/spring-beans-4.1.xsd
        http://www.springframework.org/schema/context 
        http://www.springframework.org/schema/context/spring-context-4.1.xsd
        http://www.springframework.org/schema/mvc
        http://www.springframework.org/schema/mvc/spring-mvc-4.1.xsd">

	<context:component-scan base-package="com.example.controller" />

	<!-- 防止@ResponseBody返回字符串时乱码 -->
	<mvc:annotation-driven>
		<mvc:message-converters register-defaults="true">
			<bean id="fastJsonHttpMessageConverter" class="com.alibaba.fastjson.support.spring.FastJsonHttpMessageConverter">
				<property name="supportedMediaTypes">
					<list>
						<value>application/json;charset=UTF-8</value>
						<value>text/html;charset=UTF-8</value>
					</list>
				</property>
				<property name="features">
					<util:list>
						<value>QuoteFieldNames</value>
						<value>WriteDateUseDateFormat</value>
					</util:list>
				</property>
			</bean>
		</mvc:message-converters>
	</mvc:annotation-driven>
	
	<bean id="propertyOverrideConfigurer" class="com.example.core.BeanRefPropertyOverrideConfigurer">
		<property name="location" value="classpath:springOverride.properties" />
		<property name="ignoreInvalidKeys" value="true" />
	</bean>
	
	<bean id="multipartResolver" class="org.springframework.web.multipart.commons.CommonsMultipartResolver">
		<!-- set the max upload size100MB -->
		<property name="maxUploadSize">
			<value>104857600</value>
		</property>
		<property name="maxInMemorySize">
			<value>4096</value>
		</property>
	</bean>
	
	<!-- freeMarker -->
	<import resource="classpath:applicationContext-freeMarker.xml"/>
	
	<!-- 静态资源 -->
	<mvc:resources mapping="/js/**" location="/resources/js/" cache-period="2592000" />
	<mvc:resources mapping="/css/**" location="/resources/css/" cache-period="2592000" />
	<mvc:resources mapping="/images/**" location="/resources/images/" cache-period="2592000" />
	<mvc:default-servlet-handler />

	<!-- 拦截器 -->
	<mvc:interceptors>
		<mvc:interceptor>
			<mvc:mapping path="/**" />
			<bean id="globalInterceptor" class="com.example.interceptors.GlobalInterceptor" >
				<property name="skipUrl">
					<list value-type="java.lang.String">
					</list>
				</property>
			</bean>
		</mvc:interceptor>
		<mvc:interceptor>
			<mvc:mapping path="/**"/>
			<bean class="com.example.interceptors.LoggerTraceIntercepter"></bean>
		</mvc:interceptor>
	</mvc:interceptors>

</beans>